縣市名稱,鄉鎮市區名稱,學校代碼,學校名稱,公/私立,山地別,學生總數,阿美族原住民學生數,泰雅族原住民學生數,排灣族原住民學生數,布農族原住民學生數,卑南族原住民學生數,鄒(曹)族原住民學生數,魯凱族原住民學生數,賽夏族原住民學生數,雅美族原住民學生數,邵族原住民學生數,噶瑪蘭族原住民學生數,太魯閣族原住民學生數,撒奇萊雅族原住民學生數,賽德克族原住民學生數,拉阿魯哇族原住民學生數,卡那卡那富族原住民學生數,其他原住民學生數
[01]新北市,烏來區,014684,市立烏來國(中)小,公立,山,67,1,57,0,2,0,0,0,0,0,0,0,1,0,0,0,0,0
[01]新北市,烏來區,014685,市立福山國小,公立,山,20,0,15,0,1,0,0,0,0,0,0,0,0,0,0,0,0,0
[03]桃園市,復興區,034730,市立介壽國小,公立,山,77,0,56,2,0,0,0,0,0,0,0,0,0,0,0,0,0,0
[03]桃園市,復興區,034731,市立三民國小,公立,山,59,1,35,0,0,0,0,0,0,0,0,0,0,0,0,0,0,0
[03]桃園市,復興區,034732,市立義盛國小,公立,山,37,0,36,0,0,0,0,0,0,0,0,0,0,0,0,0,0,0
[03]桃園市,復興區,034733,市立霞雲國小,公立,山,27,0,25,0,0,0,0,0,0,0,0,0,0,0,0,0,0,0
[03]桃園市,復興區,034734,市立奎輝國小,公立,山,50,0,49,0,0,0,0,0,0,0,0,0,0,0,0,0,0,0
[03]桃園市,復興區,034735,市立光華國小,公立,山,18,0,18,0,0,0,0,0,0,0,0,0,0,0,0,0,0,0
[03]桃園市,復興區,034736,市立高義國小,公立,山,28,0,28,0,0,0,0,0,0,0,0,0,0,0,0,0,0,0
[03]桃園市,復興區,034737,市立長興國小,公立,山,34,0,34,0,0,0,0,0,0,0,0,0,0,0,0,0,0,0
[03]桃園市,復興區,034738,市立三光國小,公立,山,36,0,35,0,0,0,0,0,0,0,0,0,0,0,0,0,0,0
[03]桃園市,復興區,034740,市立羅浮國小,公立,山,60,0,48,1,3,0,1,0,0,0,0,0,0,0,0,0,0,0
[03]桃園市,復興區,034741,市立巴崚國小,公立,山,45,1,44,0,0,0,0,0,0,0,0,0,0,0,0,0,0,0
[06]臺中市,和平區,064729,市立和平區和平國小,公立,山,39,2,14,0,0,0,0,0,0,0,0,0,0,0,0,0,0,0
[06]臺中市,和平區,064731,市立白冷國小,公立,山,21,0,11,0,0,0,0,0,0,0,0,0,0,0,0,0,0,0
[06]臺中市,和平區,064732,市立博屋瑪國小,公立,山,55,2,47,1,2,0,0,0,0,0,0,0,0,0,0,0,0,0
[06]臺中市,和平區,064733,市立中坑國小,公立,山,43,0,3,0,0,0,0,0,0,0,0,0,0,0,0,0,0,0
[06]臺中市,和平區,064734,市立平等國小,公立,山,38,0,30,1,0,0,0,0,0,0,0,0,0,0,0,0,0,0
[06]臺中市,和平區,064735,市立博愛國小,公立,山,48,0,23,2,1,0,2,0,0,0,0,0,0,0,2,0,0,0
[06]臺中市,和平區,064736,市立自由國小,公立,山,27,0,14,3,1,0,0,0,1,0,0,0,0,0,0,0,0,0
[06]臺中市,和平區,064737,市立梨山國(中)小,公立,山,87,15,12,2,6,0,0,0,0,0,1,0,0,0,1,0,0,0
[12]高雄市,那瑪夏區,124731,市立民生國小,公立,山,103,0,1,1,79,0,5,0,0,0,0,0,0,0,0,0,17,0
[12]高雄市,茂林區,124732,市立茂林國小,公立,山,37,2,0,4,4,0,0,22,0,0,0,0,2,0,0,0,0,0
[12]高雄市,茂林區,124733,市立多納國小,公立,山,32,0,0,0,0,0,0,31,0,0,0,0,0,0,0,0,0,0
[12]高雄市,桃源區,124734,市立桃源國小,公立,山,71,1,1,3,60,0,0,0,0,0,0,0,0,0,0,1,0,0
[12]高雄市,桃源區,124735,市立建山國小,公立,山,41,1,0,4,30,2,0,0,0,0,0,0,0,0,0,2,0,0
[12]高雄市,桃源區,124736,市立興中國小,公立,山,56,0,0,2,41,0,1,0,0,0,0,0,0,0,0,9,0,0
[12]高雄市,桃源區,124737,市立寶山國小,公立,山,16,0,0,0,14,0,0,0,0,0,0,0,0,0,0,2,0,0
[12]高雄市,桃源區,124738,市立樟山國小,公立,山,32,0,0,0,31,0,0,0,0,0,0,0,0,0,0,0,0,0
[12]高雄市,那瑪夏區,124755,市立那瑪夏區民權國小,公立,山,129,0,1,2,50,0,0,0,0,0,0,0,0,0,0,1,18,0
[02]宜蘭縣,大同鄉,024668,縣立四季國小,公立,山,85,1,83,0,1,0,0,0,0,0,0,0,0,0,0,0,0,0
[02]宜蘭縣,大同鄉,024669,縣立南山國小,公立,山,70,0,67,0,0,0,0,0,0,0,0,0,1,0,2,0,0,0
[02]宜蘭縣,大同鄉,024670,縣立大同國小,公立,山,105,2,91,1,0,1,0,1,0,0,0,0,2,0,0,0,0,0
[02]宜蘭縣,大同鄉,024671,縣立寒溪國小,公立,山,56,0,56,0,0,0,0,0,0,0,0,0,0,0,0,0,0,0
[02]宜蘭縣,南澳鄉,024672,縣立南澳國小,公立,山,69,0,66,1,1,0,0,0,0,0,0,0,0,0,0,0,0,0
[02]宜蘭縣,南澳鄉,024673,縣立碧候國小,公立,山,84,1,79,0,0,0,0,0,0,0,0,0,0,0,0,0,0,0
[02]宜蘭縣,南澳鄉,024674,縣立武塔國小,公立,山,19,3,14,0,0,0,0,0,0,0,0,0,0,0,0,0,0,0
[02]宜蘭縣,南澳鄉,024675,縣立澳花國小,公立,山,74,3,71,0,0,0,0,0,0,0,0,0,0,0,0,0,0,0
[02]宜蘭縣,南澳鄉,024676,縣立東澳國小,公立,山,50,0,40,0,0,0,0,0,0,0,0,0,0,0,0,0,0,0
[02]宜蘭縣,南澳鄉,024677,縣立金岳國小,公立,山,43,0,40,0,3,0,0,0,0,0,0,0,0,0,0,0,0,0
[02]宜蘭縣,南澳鄉,024678,縣立金洋國小,公立,山,44,0,41,0,1,0,0,0,0,0,0,0,1,0,1,0,0,0
[04]新竹縣,尖石鄉,044666,縣立尖石國小,公立,山,27,0,26,0,0,0,0,0,0,0,0,0,0,0,0,0,0,0
[04]新竹縣,尖石鄉,044667,縣立嘉興國小,公立,山,87,0,79,1,4,0,0,0,0,0,0,0,0,0,0,0,0,0
[04]新竹縣,尖石鄉,044668,縣立新樂國小,公立,山,105,0,99,0,0,0,0,0,0,0,0,0,0,0,0,0,0,0
[04]新竹縣,尖石鄉,044669,縣立梅花國小,公立,山,55,0,55,0,0,0,0,0,0,0,0,0,0,0,0,0,0,0
[04]新竹縣,尖石鄉,044670,縣立錦屏國小,公立,山,45,0,45,0,0,0,0,0,0,0,0,0,0,0,0,0,0,0
[04]新竹縣,尖石鄉,044671,縣立玉峰國小,公立,山,28,0,27,0,0,0,0,0,0,0,0,0,0,0,0,0,0,1
[04]新竹縣,尖石鄉,044672,縣立石磊國小,公立,山,30,0,28,0,0,0,0,0,0,0,0,0,0,0,0,0,0,0
[04]新竹縣,尖石鄉,044673,縣立秀巒國小,公立,山,72,1,70,0,0,0,0,0,0,0,0,0,0,0,0,0,0,0
[04]新竹縣,尖石鄉,044674,縣立新光國小,公立,山,64,0,64,0,0,0,0,0,0,0,0,0,0,0,0,0,0,0
[04]新竹縣,五峰鄉,044675,縣立五峰國小,公立,山,72,0,37,0,0,0,0,0,33,0,0,0,0,0,0,0,0,0
[04]新竹縣,五峰鄉,044676,縣立桃山國小,公立,山,55,1,53,0,0,0,0,0,0,0,0,0,0,0,0,0,0,0
[04]新竹縣,五峰鄉,044677,縣立花園國小,公立,山,37,0,33,0,1,0,0,0,1,0,0,0,0,0,0,0,0,0
[05]苗栗縣,泰安鄉,054707,縣立泰安國(中)小,公立,山,6,1,3,0,1,0,0,0,0,0,0,0,0,0,0,0,0,0
[05]苗栗縣,泰安鄉,054708,縣立泰興國小,公立,山,31,0,29,0,1,0,0,0,0,0,0,0,0,0,0,0,0,0
[05]苗栗縣,泰安鄉,054709,縣立清安國小,公立,山,11,0,9,0,0,0,0,0,0,0,0,0,0,0,0,0,0,0
[05]苗栗縣,泰安鄉,054711,縣立汶水國小,公立,山,59,1,41,1,4,0,0,0,0,0,0,0,0,0,0,0,0,0
[05]苗栗縣,泰安鄉,054712,縣立象鼻國小,公立,山,37,0,37,0,0,0,0,0,0,0,0,0,0,0,0,0,0,0
[05]苗栗縣,泰安鄉,054714,縣立梅園國小,公立,山,53,1,52,0,0,0,0,0,0,0,0,0,0,0,0,0,0,0
[05]苗栗縣,泰安鄉,054725,縣立士林國小,公立,山,28,0,28,0,0,0,0,0,0,0,0,0,0,0,0,0,0,0
[08]南投縣,信義鄉,084716,縣立信義國小,公立,山,48,0,0,2,34,0,0,0,0,0,0,0,0,0,0,0,0,0
[08]南投縣,信義鄉,084717,縣立羅娜國小,公立,山,97,2,3,0,88,0,0,0,0,0,0,0,0,0,1,0,0,0
[08]南投縣,信義鄉,084718,縣立同富國小,公立,山,138,1,0,0,80,0,0,0,0,0,3,0,0,0,0,0,0,0
[08]南投縣,信義鄉,084719,縣立愛國國小,公立,山,51,0,0,0,3,0,0,0,0,0,0,0,0,0,2,0,0,0
[08]南投縣,信義鄉,084720,縣立人和國小,公立,山,82,0,0,0,81,0,0,0,0,0,0,0,0,0,0,0,0,0
[08]南投縣,信義鄉,084721,縣立地利國小,公立,山,57,0,0,0,52,0,0,0,0,0,0,0,0,0,1,0,0,0
[08]南投縣,信義鄉,084722,縣立東埔國小,公立,山,38,0,0,0,37,0,0,0,0,0,0,0,0,0,0,0,0,0
[08]南投縣,信義鄉,084724,縣立潭南國小,公立,山,89,0,0,0,88,0,0,0,0,0,0,0,0,0,0,0,0,0
[08]南投縣,信義鄉,084728,縣立隆華國小,公立,山,41,3,2,2,1,0,0,0,0,0,0,0,0,0,0,0,0,0
[08]南投縣,信義鄉,084729,縣立希娜巴嵐國小,公立,山,52,0,0,0,51,1,0,0,0,0,0,0,0,0,0,0,0,0
[08]南投縣,信義鄉,084730,縣立久美國小,公立,山,52,0,2,0,38,0,11,0,0,0,0,0,0,0,0,0,0,0
[08]南投縣,信義鄉,084731,縣立雙龍國小,公立,山,44,0,2,0,42,0,0,0,0,0,0,0,0,0,0,0,0,0
[08]南投縣,信義鄉,084732,縣立豐丘國小,公立,山,30,0,0,0,23,0,0,0,0,0,0,0,0,0,3,0,0,0
[08]南投縣,仁愛鄉,084733,縣立仁愛國小,公立,山,48,0,2,0,6,0,0,0,0,0,0,0,0,0,35,0,0,0
[08]南投縣,仁愛鄉,084734,縣立親愛國小,公立,山,91,0,41,1,3,0,0,0,0,0,0,0,2,0,28,0,0,0
[08]南投縣,仁愛鄉,084735,縣立法治國小,公立,山,75,2,0,0,70,0,0,0,0,0,0,0,0,0,2,0,0,0
[08]南投縣,仁愛鄉,084736,縣立合作國小,公立,山,24,0,0,0,0,0,0,0,0,0,0,0,0,0,24,0,0,0
[08]南投縣,仁愛鄉,084737,縣立互助國小,公立,山,64,2,14,0,1,0,0,0,0,1,0,0,0,0,46,0,0,0
[08]南投縣,仁愛鄉,084738,縣立力行國小,公立,山,24,0,24,0,0,0,0,0,0,0,0,0,0,0,0,0,0,0
[08]南投縣,仁愛鄉,084739,縣立南豐國小,公立,山,44,1,4,1,3,0,0,0,0,0,0,0,0,0,28,0,0,0
[08]南投縣,仁愛鄉,084740,縣立中正國小,公立,山,89,1,4,1,81,0,0,0,0,0,0,0,2,0,0,0,0,0
[08]南投縣,仁愛鄉,084741,縣立廬山國小,公立,山,52,0,1,1,0,0,0,0,0,0,0,0,0,0,50,0,0,0
[08]南投縣,仁愛鄉,084742,縣立發祥國小,公立,山,15,0,12,0,0,0,0,0,0,0,0,0,0,0,1,0,0,0
[08]南投縣,仁愛鄉,084743,縣立萬豐國小,公立,山,66,0,1,1,60,0,0,0,0,0,0,0,0,0,1,0,0,0
[08]南投縣,仁愛鄉,084744,縣立都達國小,公立,山,45,0,6,0,1,0,0,0,0,0,0,0,0,0,38,0,0,0
[08]南投縣,仁愛鄉,084745,縣立春陽國小,公立,山,63,0,1,0,0,0,0,0,0,0,0,0,0,0,62,0,0,0
[08]南投縣,仁愛鄉,084746,縣立紅葉國小,公立,山,22,0,22,0,0,0,0,0,0,0,0,0,0,0,0,0,0,0
[08]南投縣,仁愛鄉,084747,縣立清境國小,公立,山,58,0,0,1,2,1,0,1,0,0,2,0,0,0,12,0,0,0
[10]嘉義縣,阿里山鄉,104727,縣立達邦國小,公立,山,56,0,0,0,0,0,55,0,0,0,0,0,0,0,0,0,0,0
[10]嘉義縣,阿里山鄉,104729,縣立十字國小,公立,山,8,0,0,0,0,0,2,0,0,0,0,0,0,0,0,0,0,0
[10]嘉義縣,阿里山鄉,104730,縣立來吉國小,公立,山,18,0,0,0,1,0,13,0,0,0,0,0,0,0,0,0,0,0
[10]嘉義縣,阿里山鄉,104732,縣立山美國小,公立,山,22,0,0,0,4,0,12,6,0,0,0,0,0,0,0,0,0,0
[10]嘉義縣,阿里山鄉,104733,縣立新美國小,公立,山,27,0,0,0,2,0,21,0,0,0,0,0,0,0,0,0,0,0
[10]嘉義縣,阿里山鄉,104734,縣立阿里山國(中)小,公立,山,77,0,3,0,0,0,50,0,0,0,0,0,0,0,0,0,0,0
[10]嘉義縣,阿里山鄉,104735,縣立香林國小,公立,山,20,0,0,0,0,0,1,0,0,0,0,0,0,0,0,0,0,0
[10]嘉義縣,阿里山鄉,104737,縣立茶山國小,公立,山,14,0,0,1,4,0,8,0,0,0,0,0,0,0,0,0,0,0
[13]屏東縣,三地門鄉,134737,縣立地磨兒國小,公立,山,162,0,0,134,0,0,0,26,0,0,0,0,0,0,0,0,0,0
[13]屏東縣,三地門鄉,134740,縣立青山國小,公立,山,52,0,0,46,0,0,0,4,0,0,0,0,0,0,0,0,0,0
[13]屏東縣,三地門鄉,134741,縣立青葉國小,公立,山,36,2,0,3,0,0,0,27,0,0,0,0,0,0,0,0,0,0
[13]屏東縣,三地門鄉,134742,縣立口社國小,公立,山,61,0,0,58,0,0,0,0,0,0,0,0,0,0,0,0,0,0
[13]屏東縣,瑪家鄉,134744,縣立佳義國小,公立,山,155,2,0,143,0,1,0,4,0,0,0,0,0,0,0,0,0,0
[13]屏東縣,瑪家鄉,134746,縣立北葉國小,公立,山,113,0,0,95,0,0,0,17,0,0,0,0,0,0,0,0,0,0
[13]屏東縣,霧臺鄉,134748,縣立霧臺國小,公立,山,93,0,0,20,0,0,0,72,0,0,0,0,0,0,1,0,0,0
[13]屏東縣,泰武鄉,134751,縣立武潭國小,公立,山,154,0,0,153,0,0,0,0,0,0,0,0,0,0,0,0,0,0
[13]屏東縣,泰武鄉,134752,縣立泰武國小,公立,山,111,1,0,107,0,0,0,0,0,0,0,0,0,0,0,0,0,0
[13]屏東縣,泰武鄉,134753,縣立萬安國小,公立,山,83,0,0,83,0,0,0,0,0,0,0,0,0,0,0,0,0,0
[13]屏東縣,來義鄉,134754,縣立來義國小,公立,山,112,0,0,111,0,0,0,0,0,0,0,0,0,0,0,0,0,0
[13]屏東縣,來義鄉,134755,縣立望嘉國小,公立,山,60,0,0,57,0,0,0,0,0,0,0,0,0,0,0,0,0,0
[13]屏東縣,來義鄉,134756,縣立文樂國小,公立,山,52,0,0,51,0,0,0,0,0,0,0,0,0,0,0,0,0,0
[13]屏東縣,來義鄉,134757,縣立南和國小,公立,山,73,0,0,73,0,0,0,0,0,0,0,0,0,0,0,0,0,0
[13]屏東縣,來義鄉,134758,縣立古樓國小,公立,山,40,0,1,39,0,0,0,0,0,0,0,0,0,0,0,0,0,0
[13]屏東縣,春日鄉,134759,縣立春日國小,公立,山,68,2,0,63,0,0,0,0,0,0,0,0,0,0,1,0,0,0
[13]屏東縣,春日鄉,134760,縣立力里國小,公立,山,106,3,0,97,2,0,0,2,0,0,0,0,0,0,0,0,0,0
[13]屏東縣,春日鄉,134761,縣立古華國小,公立,山,57,0,0,52,0,0,0,2,0,0,0,0,0,0,0,0,0,0
[13]屏東縣,獅子鄉,134762,縣立楓林國小,公立,山,29,0,2,24,0,0,0,0,0,0,0,0,0,0,0,0,0,0
[13]屏東縣,獅子鄉,134763,縣立丹路國小,公立,山,38,0,0,36,0,0,0,0,0,0,0,0,0,0,0,0,0,0
[13]屏東縣,獅子鄉,134764,縣立內獅國小,公立,山,76,0,0,73,1,0,0,0,0,0,0,0,2,0,0,0,0,0
[13]屏東縣,獅子鄉,134765,縣立草埔國小,公立,山,21,0,0,21,0,0,0,0,0,0,0,0,0,0,0,0,0,0
[13]屏東縣,牡丹鄉,134766,縣立石門國小,公立,山,80,0,0,78,0,0,0,0,0,0,0,0,0,0,0,0,0,0
[13]屏東縣,牡丹鄉,134768,縣立高士國小,公立,山,50,0,0,50,0,0,0,0,0,0,0,0,0,0,0,0,0,0
[13]屏東縣,牡丹鄉,134769,縣立牡丹國小,公立,山,55,7,0,48,0,0,0,0,0,0,0,0,0,0,0,0,0,0
[13]屏東縣,三地門鄉,134784,縣立賽嘉國小,公立,山,42,0,0,41,0,0,0,0,0,0,0,0,0,0,0,0,0,0
[13]屏東縣,瑪家鄉,134787,縣立長榮百合國小,公立,山,108,0,0,76,1,0,0,23,0,0,0,0,0,0,0,0,0,0
[14]臺東縣,金峰鄉,144676,縣立嘉蘭國小,公立,山,68,5,0,52,0,0,0,10,0,0,0,0,1,0,0,0,0,0
[14]臺東縣,金峰鄉,144677,縣立介達國小,公立,山,41,2,0,32,0,0,0,7,0,0,0,0,0,0,0,0,0,0
[14]臺東縣,金峰鄉,144678,縣立新興國小,公立,山,59,2,1,54,1,0,0,0,0,0,0,0,0,0,0,0,0,0
[14]臺東縣,金峰鄉,144679,縣立賓茂國小,公立,山,121,9,0,99,1,3,0,4,0,0,0,0,0,0,0,0,0,0
[14]臺東縣,達仁鄉,144680,縣立安朔國小,公立,山,55,1,0,49,0,1,0,0,0,0,0,0,0,0,0,0,0,0
[14]臺東縣,達仁鄉,144681,縣立土坂國小,公立,山,31,1,1,27,0,0,1,0,0,0,0,0,0,0,0,0,0,0
[14]臺東縣,達仁鄉,144683,縣立臺坂國小,公立,山,24,0,0,24,0,0,0,0,0,0,0,0,0,0,0,0,0,0
[14]臺東縣,蘭嶼鄉,144685,縣立蘭嶼國小,公立,山,24,0,0,1,0,0,0,0,0,21,0,0,0,0,0,0,0,0
[14]臺東縣,蘭嶼鄉,144686,縣立椰油國小,公立,山,73,0,0,0,0,0,0,0,0,70,0,0,0,0,0,0,0,0
[14]臺東縣,蘭嶼鄉,144687,縣立東清國小,公立,山,43,2,0,0,0,0,0,0,0,39,0,0,0,0,0,0,0,0
[14]臺東縣,蘭嶼鄉,144688,縣立朗島國小,公立,山,29,0,0,0,0,0,0,0,0,28,0,0,0,0,0,0,0,0
[14]臺東縣,延平鄉,144689,縣立桃源國小,公立,山,81,5,1,4,64,0,0,2,0,0,0,0,2,0,0,0,0,0
[14]臺東縣,延平鄉,144690,縣立武陵國小,公立,山,55,3,0,2,50,0,0,0,0,0,0,0,0,0,0,0,0,0
[14]臺東縣,延平鄉,144692,縣立鸞山國小,公立,山,30,1,0,0,28,0,0,0,0,0,0,0,0,0,0,0,0,0
[14]臺東縣,延平鄉,144693,縣立紅葉國小,公立,山,46,17,2,0,15,8,1,0,0,0,0,0,0,0,0,0,0,0
[14]臺東縣,海端鄉,144694,縣立海端國小,公立,山,33,3,0,0,22,0,0,0,0,1,0,0,0,0,0,0,0,0
[14]臺東縣,海端鄉,144695,縣立初來國小,公立,山,54,1,1,2,46,2,0,0,0,0,0,0,0,0,0,0,0,0
[14]臺東縣,海端鄉,144696,縣立崁頂國小,公立,山,35,2,0,3,29,0,0,0,0,0,0,0,0,0,0,0,0,0
[14]臺東縣,海端鄉,144697,縣立廣原國小,公立,山,42,3,0,2,33,0,0,0,0,0,0,0,1,0,0,0,0,0
[14]臺東縣,海端鄉,144698,縣立錦屏國小,公立,山,39,1,0,0,38,0,0,0,0,0,0,0,0,0,0,0,0,0
[14]臺東縣,海端鄉,144700,縣立加拿國小,公立,山,29,1,0,2,26,0,0,0,0,0,0,0,0,0,0,0,0,0
[14]臺東縣,海端鄉,144702,縣立霧鹿國小,公立,山,38,1,0,0,32,0,0,0,0,0,0,0,1,0,0,0,0,0
[15]花蓮縣,秀林鄉,154681,縣立秀林國小,公立,山,75,4,8,0,1,0,0,0,0,0,0,0,59,0,1,0,0,0
[15]花蓮縣,秀林鄉,154682,縣立富世國小,公立,山,68,1,1,0,0,0,0,0,0,0,0,0,65,0,0,0,0,0
[15]花蓮縣,秀林鄉,154683,縣立崇德國小,公立,山,76,1,2,0,0,0,0,0,0,0,0,0,70,0,0,0,0,0
[15]花蓮縣,秀林鄉,154684,縣立和平國小,公立,山,89,5,6,0,0,0,0,0,0,0,0,0,66,0,0,0,0,0
[15]花蓮縣,秀林鄉,154685,縣立景美國小,公立,山,39,0,1,0,0,0,0,0,0,0,0,0,38,0,0,0,0,0
[15]花蓮縣,秀林鄉,154686,縣立三棧國小,公立,山,35,0,0,0,0,0,0,0,0,0,0,0,34,0,0,0,0,0
[15]花蓮縣,秀林鄉,154687,縣立佳民國小,公立,山,37,2,0,0,0,0,0,0,0,0,0,0,35,0,0,0,0,0
[15]花蓮縣,秀林鄉,154688,縣立銅門國小,公立,山,71,7,3,0,0,0,0,1,0,0,0,0,54,0,5,0,0,0
[15]花蓮縣,秀林鄉,154689,縣立水源國小,公立,山,90,6,1,1,1,0,0,1,0,0,0,0,80,0,0,0,0,0
[15]花蓮縣,秀林鄉,154690,縣立銅蘭國小,公立,山,50,3,3,3,3,0,0,0,0,0,0,0,37,0,0,0,0,0
[15]花蓮縣,秀林鄉,154691,縣立文蘭國小,公立,山,48,10,0,1,1,0,0,0,0,0,0,0,27,0,0,0,0,0
[15]花蓮縣,萬榮鄉,154692,縣立萬榮國小,公立,山,47,1,1,0,3,0,0,0,0,0,0,0,40,0,0,0,0,0
[15]花蓮縣,萬榮鄉,154693,縣立明利國小,公立,山,41,0,0,0,0,0,0,0,0,0,0,0,41,0,0,0,0,0
[15]花蓮縣,萬榮鄉,154694,縣立見晴國小,公立,山,36,2,0,0,0,0,0,0,0,0,0,0,34,0,0,0,0,0
[15]花蓮縣,萬榮鄉,154695,縣立馬遠國小,公立,山,47,5,0,0,39,0,0,0,0,0,0,0,3,0,0,0,0,0
[15]花蓮縣,萬榮鄉,154696,縣立西林國小,公立,山,68,2,0,0,0,0,0,0,0,0,0,0,61,0,2,0,0,0
[15]花蓮縣,萬榮鄉,154697,縣立紅葉國小,公立,山,52,3,0,0,5,0,0,0,0,0,0,1,43,0,0,0,0,0
[15]花蓮縣,卓溪鄉,154698,縣立卓溪國小,公立,山,56,4,0,2,41,0,0,0,0,0,0,0,6,0,1,0,0,0
[15]花蓮縣,卓溪鄉,154699,縣立崙山國小,公立,山,43,1,0,0,33,0,0,0,0,0,0,0,3,0,6,0,0,0
[15]花蓮縣,卓溪鄉,154700,縣立立山國小,公立,山,47,1,2,0,3,0,0,0,0,0,0,0,26,0,14,0,0,0
[15]花蓮縣,卓溪鄉,154701,縣立太平國小,公立,山,42,5,0,1,35,0,0,0,0,0,0,0,1,0,0,0,0,0
[15]花蓮縣,卓溪鄉,154702,縣立卓清國小,公立,山,22,1,1,0,20,0,0,0,0,0,0,0,0,0,0,0,0,0
[15]花蓮縣,卓溪鄉,154703,縣立卓樂國小,公立,山,33,2,0,0,31,0,0,0,0,0,0,0,0,0,0,0,0,0
[15]花蓮縣,卓溪鄉,154704,縣立古風國小,公立,山,38,2,0,0,36,0,0,0,0,0,0,0,0,0,0,0,0,0
[15]花蓮縣,卓溪鄉,154706,縣立卓楓國小,公立,山,24,1,0,1,22,0,0,0,0,0,0,0,0,0,0,0,0,0
[15]花蓮縣,秀林鄉,154710,縣立西寶國小,公立,山,45,5,4,0,3,0,0,0,0,0,0,0,11,0,0,0,0,0
[04]新竹縣,關西鎮,044601,縣立關西國小,公立,平,525,8,16,1,2,0,0,0,1,0,0,0,1,0,0,0,0,0
[04]新竹縣,關西鎮,044602,縣立東安國小,公立,平,237,0,1,1,1,0,0,0,0,0,0,0,0,0,0,0,0,0
[04]新竹縣,關西鎮,044603,縣立石光國小,公立,平,72,1,0,0,0,0,0,0,0,0,0,0,0,0,0,0,0,0
[04]新竹縣,關西鎮,044604,縣立坪林國小,公立,平,42,0,0,0,0,0,0,0,0,0,0,1,0,0,0,0,0,0
[04]新竹縣,關西鎮,044605,縣立南和國小,公立,平,37,1,0,0,0,0,0,0,0,0,0,0,0,0,0,0,0,0
[04]新竹縣,關西鎮,044607,縣立東光國小,公立,平,38,0,3,0,0,0,0,0,0,0,0,0,0,0,1,0,0,0
[04]新竹縣,關西鎮,044608,縣立錦山國小,公立,平,41,0,6,0,0,0,0,0,0,0,0,0,0,0,0,0,0,0
[04]新竹縣,關西鎮,044609,縣立玉山國小,公立,平,47,1,0,0,0,0,0,0,0,0,0,0,0,0,0,0,0,0
[05]苗栗縣,南庄鄉,054668,縣立南庄國小,公立,平,136,1,33,0,0,0,0,0,20,0,0,0,0,0,0,0,0,0
[05]苗栗縣,南庄鄉,054669,縣立田美國小,公立,平,46,3,0,0,0,0,0,0,2,0,0,0,0,0,0,0,0,0
[05]苗栗縣,南庄鄉,054670,縣立南埔國小,公立,平,59,0,1,0,0,0,0,0,3,0,0,0,0,0,0,0,0,0
[05]苗栗縣,南庄鄉,054671,縣立東河國小,公立,平,36,0,6,0,0,0,0,0,28,0,0,0,0,0,0,0,0,0
[05]苗栗縣,南庄鄉,054672,縣立蓬萊國小,公立,平,31,1,2,1,0,0,0,0,12,0,0,0,0,0,0,0,0,0
[05]苗栗縣,獅潭鄉,054698,縣立獅潭國小,公立,平,42,1,0,0,0,0,0,0,0,0,0,0,0,0,0,0,0,0
[05]苗栗縣,獅潭鄉,054700,縣立永興國小,公立,平,15,0,1,0,0,0,0,0,5,0,0,0,0,0,0,0,0,0
[08]南投縣,魚池鄉,084687,縣立魚池國小,公立,平,178,0,2,0,4,0,0,1,0,0,0,0,0,0,0,0,0,0
[08]南投縣,魚池鄉,084688,縣立頭社國小,公立,平,26,0,0,0,1,0,0,0,0,0,0,0,0,0,0,0,0,0
[08]南投縣,魚池鄉,084689,縣立東光國小,公立,平,38,0,0,0,2,0,0,2,0,0,0,0,0,0,0,0,0,0
[08]南投縣,魚池鄉,084690,縣立五城國小,公立,平,27,0,0,0,0,0,0,0,0,0,0,0,0,0,1,0,0,0
[08]南投縣,魚池鄉,084693,縣立新城國小,公立,平,125,0,1,3,3,0,0,0,0,0,0,0,0,0,0,0,0,0
[08]南投縣,魚池鄉,084694,縣立伊達邵國小,公立,平,26,0,0,0,0,0,0,0,0,0,10,0,0,0,0,0,0,0
[08]南投縣,魚池鄉,084695,縣立共和國小,公立,平,38,0,0,0,3,0,0,0,0,0,0,0,0,0,0,0,0,0
[13]屏東縣,滿州鄉,134729,縣立滿州國小,公立,平,88,1,0,27,0,0,0,0,0,0,0,0,0,0,0,0,0,0
[13]屏東縣,滿州鄉,134730,縣立長樂國小,公立,平,47,1,0,37,1,0,0,0,0,0,0,0,0,0,0,0,0,0
[13]屏東縣,滿州鄉,134731,縣立永港國小,公立,平,48,1,0,7,0,0,0,0,0,0,0,0,0,0,0,0,0,0
[14]臺東縣,臺東市,140601,國立臺東大學附小,公立,平,1007,56,0,22,14,21,0,3,0,0,0,0,1,0,0,0,0,0
[14]臺東縣,臺東市,144601,縣立仁愛國小,公立,平,288,58,1,21,5,10,0,0,0,3,0,0,1,0,0,0,0,0
[14]臺東縣,臺東市,144602,縣立復興國小,公立,平,100,9,1,9,2,4,0,0,0,4,0,0,2,0,0,0,0,0
[14]臺東縣,臺東市,144603,縣立光明國小,公立,平,121,22,1,8,5,5,0,1,0,0,0,0,0,0,0,0,0,0
[14]臺東縣,臺東市,144604,縣立寶桑國小,公立,平,347,57,0,12,8,11,0,1,0,0,0,1,2,0,0,0,0,0
[14]臺東縣,臺東市,144605,縣立新生國小,公立,平,667,128,3,46,17,22,1,3,0,1,0,0,0,0,0,0,0,0
[14]臺東縣,臺東市,144606,縣立豐里國小,公立,平,116,54,0,3,1,6,0,1,0,0,0,0,0,0,0,0,0,0
[14]臺東縣,臺東市,144607,縣立豐榮國小,公立,平,402,104,7,36,6,11,0,0,0,4,0,0,0,0,3,0,0,0
[14]臺東縣,臺東市,144608,縣立馬蘭國小,公立,平,531,51,0,26,12,14,0,2,0,2,0,0,0,0,0,0,0,0
[14]臺東縣,臺東市,144609,縣立豐源國小,公立,平,68,9,0,0,1,7,0,1,0,0,0,0,3,0,0,0,0,0
[14]臺東縣,臺東市,144610,縣立康樂國小,公立,平,245,50,1,15,6,9,0,0,0,2,0,0,0,0,0,0,0,0
[14]臺東縣,臺東市,144611,縣立豐年國小,公立,平,72,25,1,11,12,5,0,1,0,2,0,0,0,0,0,0,0,0
[14]臺東縣,臺東市,144612,縣立卑南國小,公立,平,242,57,0,6,16,13,0,1,0,1,0,0,2,0,0,0,0,0
[14]臺東縣,臺東市,144613,縣立岩灣國小,公立,平,62,22,0,1,2,0,0,2,0,0,0,0,0,0,0,0,0,0
[14]臺東縣,臺東市,144614,縣立南王國小,公立,平,71,13,1,4,4,42,0,0,0,0,0,0,0,0,0,0,0,0
[14]臺東縣,臺東市,144615,縣立知本國小,公立,平,186,22,3,16,6,57,0,2,0,1,0,0,0,0,0,0,0,0
[14]臺東縣,臺東市,144616,縣立建和國小,公立,平,66,12,1,4,0,26,0,0,0,0,0,0,1,0,0,0,0,0
[14]臺東縣,臺東市,144617,縣立豐田國小,公立,平,218,38,0,18,3,35,0,9,1,0,0,0,1,0,0,0,0,0
[14]臺東縣,臺東市,144618,縣立富岡國小,公立,平,54,26,1,0,0,0,0,0,0,0,0,0,0,0,0,0,0,0
[14]臺東縣,臺東市,144619,縣立新園國小,公立,平,37,3,0,22,0,0,0,2,0,0,0,0,0,0,0,0,0,0
[14]臺東縣,卑南鄉,144620,縣立賓朗國小,公立,平,55,14,0,1,7,15,0,0,0,0,0,0,1,0,0,0,0,0
[14]臺東縣,卑南鄉,144621,縣立溫泉國小,公立,平,100,10,0,6,3,2,0,2,0,0,0,0,0,0,0,0,0,0
[14]臺東縣,卑南鄉,144622,縣立利嘉國小,公立,平,57,7,0,4,2,39,0,0,0,0,0,0,0,0,0,0,0,0
[14]臺東縣,卑南鄉,144623,縣立初鹿國小,公立,平,75,23,0,1,0,18,0,0,0,0,0,0,0,0,0,0,0,0
[14]臺東縣,卑南鄉,144624,縣立東成國小,公立,平,50,1,0,1,0,6,0,0,0,0,0,0,0,0,1,0,0,0
[14]臺東縣,卑南鄉,144625,縣立富山國小,公立,平,101,28,0,5,1,5,1,0,0,0,0,0,1,0,0,0,0,0
[14]臺東縣,卑南鄉,144627,縣立大南國小,公立,平,74,5,1,8,3,3,0,53,0,0,0,0,0,0,0,0,0,0
[14]臺東縣,卑南鄉,144628,縣立太平國小,公立,平,132,23,2,19,5,47,0,6,0,2,0,0,1,0,0,0,0,0
[14]臺東縣,太麻里鄉,144629,縣立大王國小,公立,平,157,20,0,61,3,1,0,4,0,0,0,0,0,0,0,0,0,0
[14]臺東縣,太麻里鄉,144630,縣立香蘭國小,公立,平,35,6,0,14,0,0,0,0,0,0,0,0,2,0,0,0,0,0
[14]臺東縣,太麻里鄉,144632,縣立三和國小,公立,平,53,4,0,6,3,1,0,0,0,0,0,0,0,0,0,0,0,0
[14]臺東縣,太麻里鄉,144633,縣立美和國小,公立,平,39,10,0,1,0,2,0,0,0,0,0,0,0,0,0,0,0,0
[14]臺東縣,太麻里鄉,144635,縣立大溪國小,公立,平,35,5,0,23,0,0,0,0,0,0,0,0,0,0,0,0,0,0
[14]臺東縣,大武鄉,144636,縣立尚武國小,公立,平,52,3,1,20,1,0,0,0,0,0,0,0,0,0,0,0,0,0
[14]臺東縣,大武鄉,144637,縣立大武國小,公立,平,102,4,0,75,2,0,0,2,0,0,0,0,0,0,0,0,0,0
[14]臺東縣,大武鄉,144638,縣立大鳥國小,公立,平,71,2,0,69,0,0,0,0,0,0,0,0,0,0,0,0,0,0
[14]臺東縣,鹿野鄉,144642,縣立鹿野國小,公立,平,46,9,1,2,10,1,0,0,0,0,0,0,0,0,0,0,0,0
[14]臺東縣,鹿野鄉,144643,縣立龍田國小,公立,平,45,6,1,0,3,1,0,0,0,0,0,0,0,0,0,0,0,0
[14]臺東縣,鹿野鄉,144644,縣立永安國小,公立,平,59,15,0,0,3,0,0,0,0,2,0,0,0,0,0,0,0,0
[14]臺東縣,鹿野鄉,144645,縣立瑞豐國小,公立,平,37,11,0,3,1,0,0,0,0,0,0,0,0,0,0,0,0,0
[14]臺東縣,鹿野鄉,144646,縣立瑞源國小,公立,平,73,33,0,1,1,0,0,0,0,0,0,0,0,0,0,0,0,0
[14]臺東縣,關山鎮,144647,縣立關山國小,公立,平,319,68,8,2,54,0,0,1,3,0,0,0,2,0,0,0,0,0
[14]臺東縣,關山鎮,144648,縣立月眉國小,公立,平,10,4,0,0,0,0,0,0,0,0,0,0,0,0,0,0,0,0
[14]臺東縣,關山鎮,144649,縣立德高國小,公立,平,25,19,0,0,1,0,0,0,0,0,0,0,0,0,0,0,0,0
[14]臺東縣,關山鎮,144650,縣立電光國小,公立,平,23,11,0,0,0,1,0,0,0,0,0,0,0,0,0,0,0,0
[14]臺東縣,池上鄉,144651,縣立福原國小,公立,平,173,45,1,0,12,1,0,0,0,0,0,0,5,0,0,0,0,0
[14]臺東縣,池上鄉,144652,縣立大坡國小,公立,平,39,13,0,0,1,0,0,0,0,0,0,0,0,0,0,0,0,0
[14]臺東縣,池上鄉,144653,縣立萬安國小,公立,平,43,11,2,1,2,0,0,0,0,0,0,0,0,0,0,0,0,0
[14]臺東縣,東河鄉,144655,縣立東河國小,公立,平,49,25,0,0,0,2,0,0,0,0,0,0,0,0,0,0,0,0
[14]臺東縣,東河鄉,144656,縣立都蘭國小,公立,平,57,27,0,1,1,0,0,0,0,0,0,0,0,0,0,0,0,0
[14]臺東縣,東河鄉,144659,縣立泰源國小,公立,平,70,44,1,0,0,2,0,0,0,0,0,0,0,0,0,0,0,0
[14]臺東縣,東河鄉,144660,縣立北源國小,公立,平,20,12,0,0,0,0,0,0,0,0,0,0,0,0,0,0,0,0
[14]臺東縣,成功鎮,144662,縣立三民國小,公立,平,102,71,1,2,0,1,0,1,0,0,0,0,1,0,0,0,0,0
[14]臺東縣,成功鎮,144663,縣立成功國小,公立,平,279,82,0,4,2,6,0,0,0,1,0,0,0,0,0,0,0,0
[14]臺東縣,成功鎮,144664,縣立信義國小,公立,平,56,45,0,1,2,0,0,0,0,0,0,0,0,0,0,0,0,0
[14]臺東縣,成功鎮,144665,縣立三仙國小,公立,平,36,35,0,0,0,0,0,0,0,0,0,0,0,0,0,0,0,0
[14]臺東縣,成功鎮,144667,縣立忠孝國小,公立,平,31,28,0,0,0,0,0,0,0,0,0,0,0,0,0,0,0,0
[14]臺東縣,長濱鄉,144669,縣立長濱國小,公立,平,74,40,0,0,1,0,0,0,0,0,0,1,0,0,0,0,0,0
[14]臺東縣,長濱鄉,144671,縣立寧埔國小,公立,平,33,27,0,1,0,0,0,0,0,0,0,0,0,0,0,0,0,0
[14]臺東縣,長濱鄉,144672,縣立竹湖國小,公立,平,28,15,0,0,0,0,0,0,0,0,0,0,0,0,0,0,0,0
[14]臺東縣,長濱鄉,144673,縣立三間國小,公立,平,35,24,1,0,0,0,0,0,0,0,0,0,0,0,0,0,0,0
[14]臺東縣,長濱鄉,144674,縣立樟原國小,公立,平,17,10,0,0,5,0,0,0,0,0,0,1,0,0,0,0,0,0
[14]臺東縣,臺東市,144701,縣立東海國小,公立,平,687,45,0,25,11,9,0,0,0,2,0,0,1,0,0,0,0,0
[14]臺東縣,東河鄉,144703,縣立興隆國小,公立,平,46,13,1,0,0,1,0,1,0,0,0,0,0,0,0,0,0,0
[15]花蓮縣,花蓮市,150601,國立東華大學附設實小,公立,平,833,43,1,5,5,0,0,0,1,0,0,0,19,2,4,0,0,0
[15]花蓮縣,花蓮市,151602,私立海星國小,私立,平,525,23,1,1,5,0,0,1,0,0,0,1,16,1,2,0,0,0
[15]花蓮縣,花蓮市,154601,縣立明禮國小,公立,平,186,34,2,0,0,1,0,0,0,0,0,0,14,0,1,0,0,0
[15]花蓮縣,花蓮市,154602,縣立明義國小,公立,平,1362,96,3,7,4,6,0,0,0,0,0,0,43,3,0,0,0,0
[15]花蓮縣,花蓮市,154603,縣立明廉國小,公立,平,482,97,9,2,13,1,0,0,2,1,0,5,18,5,1,0,0,0
[15]花蓮縣,花蓮市,154604,縣立明恥國小,公立,平,228,57,5,0,19,2,0,0,0,0,0,1,17,0,3,0,0,0
[15]花蓮縣,花蓮市,154605,縣立中正國小,公立,平,983,103,2,1,5,0,0,0,0,0,0,6,25,0,1,0,0,0
[15]花蓮縣,花蓮市,154606,縣立信義國小,公立,平,77,16,0,1,0,0,0,0,0,0,0,3,7,0,0,0,0,0
[15]花蓮縣,花蓮市,154607,縣立復興國小,公立,平,99,29,2,1,1,1,0,1,0,0,0,0,15,0,0,0,0,0
[15]花蓮縣,花蓮市,154608,縣立中華國小,公立,平,296,65,6,1,8,0,0,0,0,0,0,1,27,0,0,0,0,0
[15]花蓮縣,花蓮市,154610,縣立忠孝國小,公立,平,455,78,6,1,3,4,0,0,0,0,0,0,21,0,1,0,0,0
[15]花蓮縣,花蓮市,154611,縣立北濱國小,公立,平,123,11,2,0,1,1,0,0,0,0,0,1,5,0,0,0,0,0
[15]花蓮縣,花蓮市,154612,縣立鑄強國小,公立,平,499,92,9,7,12,3,1,0,0,0,0,1,36,3,4,0,0,0
[15]花蓮縣,花蓮市,154613,縣立國福國小,公立,平,35,19,1,0,0,0,0,0,0,0,0,1,1,3,0,0,0,0
[15]花蓮縣,新城鄉,154614,縣立新城國小,公立,平,231,19,18,0,3,0,0,0,0,0,0,4,136,0,1,0,0,0
[15]花蓮縣,新城鄉,154615,縣立北埔國小,公立,平,423,144,9,2,15,1,0,1,0,0,0,0,91,4,0,0,0,0
[15]花蓮縣,新城鄉,154616,縣立康樂國小,公立,平,80,23,1,0,1,1,0,0,0,0,0,0,21,0,0,0,0,0
[15]花蓮縣,新城鄉,154617,縣立嘉里國小,公立,平,73,21,2,0,4,0,0,0,0,0,0,3,17,0,2,0,0,0
[15]花蓮縣,吉安鄉,154618,縣立吉安國小,公立,平,253,50,3,1,13,1,0,0,1,0,0,5,30,0,0,0,0,0
[15]花蓮縣,吉安鄉,154619,縣立宜昌國小,公立,平,824,222,11,6,9,1,0,1,0,0,0,4,30,0,0,2,0,0
[15]花蓮縣,吉安鄉,154620,縣立北昌國小,公立,平,818,71,6,0,9,0,0,0,0,0,0,0,19,1,0,0,0,0
[15]花蓮縣,吉安鄉,154621,縣立稻香國小,公立,平,277,38,0,1,9,3,0,0,0,0,0,0,16,0,0,0,0,0
[15]花蓮縣,吉安鄉,154622,縣立光華國小,公立,平,69,27,1,0,9,0,0,0,0,0,0,0,5,0,0,0,0,0
[15]花蓮縣,吉安鄉,154623,縣立南華國小,公立,平,69,19,3,2,1,0,0,0,0,0,0,0,10,0,0,0,0,0
[15]花蓮縣,吉安鄉,154624,縣立化仁國小,公立,平,219,115,3,1,4,0,0,0,0,0,0,0,14,0,0,0,0,0
[15]花蓮縣,吉安鄉,154625,縣立太昌國小,公立,平,319,77,3,1,5,3,0,1,0,0,0,0,39,0,1,0,0,0
[15]花蓮縣,壽豐鄉,154626,縣立壽豐國小,公立,平,140,57,1,2,2,0,0,0,0,0,0,0,8,0,0,0,0,0
[15]花蓮縣,壽豐鄉,154627,縣立豐山國小,公立,平,69,12,0,0,2,0,0,0,1,0,0,0,3,0,0,0,0,0
[15]花蓮縣,壽豐鄉,154628,縣立豐裡國小,公立,平,74,32,0,0,0,0,0,0,0,0,0,0,2,0,0,0,0,0
[15]花蓮縣,壽豐鄉,154629,縣立志學國小,公立,平,128,29,2,0,4,0,0,0,0,0,0,0,8,0,0,1,0,0
[15]花蓮縣,壽豐鄉,154630,縣立平和國小,公立,平,39,5,2,0,0,0,0,0,0,0,0,0,2,0,0,0,0,0
[15]花蓮縣,壽豐鄉,154631,縣立溪口國小,公立,平,23,12,5,0,0,0,0,0,0,0,0,0,0,0,0,0,0,0
[15]花蓮縣,壽豐鄉,154632,縣立月眉國小,公立,平,24,16,0,0,0,0,0,0,0,0,0,0,2,0,0,0,0,0
[15]花蓮縣,壽豐鄉,154633,縣立水璉國小,公立,平,30,21,0,0,0,0,0,0,0,0,0,0,1,0,0,0,0,0
[15]花蓮縣,鳳林鎮,154634,縣立鳳林國小,公立,平,163,30,4,0,6,3,0,0,0,0,0,0,14,0,0,0,0,0
[15]花蓮縣,鳳林鎮,154636,縣立大榮國小,公立,平,48,19,0,0,5,0,0,0,0,0,0,0,1,0,0,0,0,0
[15]花蓮縣,鳳林鎮,154637,縣立鳳仁國小,公立,平,61,7,1,1,0,0,0,0,0,0,0,0,5,0,0,0,0,0
[15]花蓮縣,鳳林鎮,154638,縣立北林國小,公立,平,21,4,1,0,0,0,0,0,0,0,0,0,3,0,0,0,0,0
[15]花蓮縣,鳳林鎮,154640,縣立長橋國小,公立,平,36,6,0,0,0,0,0,0,0,0,0,0,18,0,0,0,0,0
[15]花蓮縣,鳳林鎮,154642,縣立林榮國小,公立,平,31,2,2,0,0,0,0,0,0,0,0,0,7,0,0,0,0,0
[15]花蓮縣,光復鄉,154643,縣立光復國小,公立,平,128,84,1,1,0,0,0,0,0,0,0,0,2,0,0,0,0,0
[15]花蓮縣,光復鄉,154644,縣立太巴塱國小,公立,平,97,88,0,0,0,0,0,0,0,0,0,0,0,0,0,0,0,0
[15]花蓮縣,光復鄉,154648,縣立大進國小,公立,平,115,29,2,1,2,0,0,0,0,0,0,1,3,0,1,0,0,0
[15]花蓮縣,瑞穗鄉,154649,縣立瑞穗國小,公立,平,216,50,5,2,6,0,1,2,0,0,0,0,28,2,0,0,0,0
[15]花蓮縣,瑞穗鄉,154650,縣立瑞北國小,公立,平,43,10,0,0,24,0,0,0,0,0,0,0,4,0,0,0,0,0
[15]花蓮縣,瑞穗鄉,154651,縣立瑞美國小,公立,平,42,14,0,0,0,0,0,0,0,0,0,0,0,1,0,0,0,0
[15]花蓮縣,瑞穗鄉,154652,縣立鶴岡國小,公立,平,15,13,0,0,0,0,0,0,0,0,0,0,0,0,0,0,0,0
[15]花蓮縣,瑞穗鄉,154653,縣立舞鶴國小,公立,平,21,8,1,0,2,0,0,0,0,0,0,0,0,4,0,0,0,0
[15]花蓮縣,瑞穗鄉,154654,縣立富源國小,公立,平,66,45,1,0,2,1,0,0,0,0,0,0,2,0,0,0,0,0
[15]花蓮縣,豐濱鄉,154655,縣立豐濱國小,公立,平,58,42,0,0,0,1,0,0,0,0,0,3,0,0,0,0,0,0
[15]花蓮縣,豐濱鄉,154656,縣立港口國小,公立,平,16,16,0,0,0,0,0,0,0,0,0,0,0,0,0,0,0,0
[15]花蓮縣,豐濱鄉,154657,縣立靜浦國小,公立,平,11,11,0,0,0,0,0,0,0,0,0,0,0,0,0,0,0,0
[15]花蓮縣,豐濱鄉,154658,縣立新社國小,公立,平,26,9,0,1,4,0,0,1,0,0,0,10,1,0,0,0,0,0
[15]花蓮縣,玉里鎮,154660,縣立玉里國小,公立,平,281,30,2,4,30,1,0,1,0,1,0,0,5,0,0,0,0,0
[15]花蓮縣,玉里鎮,154661,縣立中城國小,公立,平,327,39,0,4,43,0,0,0,0,0,0,0,3,0,3,0,0,0
[15]花蓮縣,玉里鎮,154662,縣立源城國小,公立,平,45,10,1,1,1,0,0,2,0,0,0,0,0,0,0,0,0,0
[15]花蓮縣,玉里鎮,154663,縣立樂合國小,公立,平,33,26,0,0,0,0,0,0,0,0,0,0,1,0,0,0,0,0
[15]花蓮縣,玉里鎮,154664,縣立觀音國小,公立,平,12,7,0,0,2,0,0,0,0,0,0,0,0,0,0,0,0,0
[15]花蓮縣,玉里鎮,154665,縣立高寮國小,公立,平,28,14,1,0,2,1,0,0,0,0,0,0,0,0,0,0,0,0
[15]花蓮縣,玉里鎮,154666,縣立松浦國小,公立,平,42,34,0,0,0,0,0,0,0,0,0,0,0,0,0,0,0,0
[15]花蓮縣,玉里鎮,154667,縣立春日國小,公立,平,35,29,0,0,0,0,0,0,0,0,0,0,0,0,0,0,0,0
[15]花蓮縣,玉里鎮,154668,縣立德武國小,公立,平,17,17,0,0,0,0,0,0,0,0,0,0,0,0,0,0,0,0
[15]花蓮縣,玉里鎮,154669,縣立三民國小,公立,平,46,2,1,0,5,0,0,0,0,0,0,0,0,0,1,0,0,0
[15]花蓮縣,玉里鎮,154670,縣立大禹國小,公立,平,39,8,3,0,4,3,0,0,0,0,0,0,0,0,0,0,0,0
[15]花蓮縣,玉里鎮,154671,縣立長良國小,公立,平,24,8,0,0,9,0,0,0,0,0,0,0,1,0,0,0,0,1
[15]花蓮縣,富里鄉,154672,縣立富里國小,公立,平,97,12,0,0,6,0,0,0,0,0,0,0,4,0,0,0,0,0
[15]花蓮縣,富里鄉,154674,縣立東里國小,公立,平,67,11,0,0,6,2,0,0,0,0,0,2,0,0,0,0,0,0
[15]花蓮縣,富里鄉,154675,縣立明里國小,公立,平,32,11,1,0,5,0,0,0,0,0,0,0,0,0,0,0,0,0
[15]花蓮縣,富里鄉,154676,縣立吳江國小,公立,平,28,11,0,0,1,0,0,0,0,0,0,0,0,0,0,0,0,0
[15]花蓮縣,富里鄉,154677,縣立學田國小,公立,平,27,9,0,0,5,0,0,0,0,0,0,0,0,0,0,0,0,0
[15]花蓮縣,富里鄉,154678,縣立永豐國小,公立,平,25,19,0,0,0,0,0,0,0,0,0,0,0,0,0,0,0,0
[15]花蓮縣,富里鄉,154679,縣立萬寧國小,公立,平,14,3,0,0,0,0,0,0,0,0,0,0,0,0,0,0,0,0
[15]花蓮縣,富里鄉,154680,縣立東竹國小,公立,平,54,10,0,0,0,0,0,0,0,0,0,0,0,0,0,0,0,0
[15]花蓮縣,瑞穗鄉,154705,縣立奇美國小,公立,平,15,11,0,0,2,0,0,0,0,0,0,0,0,0,0,0,0,0
[15]花蓮縣,光復鄉,154707,縣立西富國小,公立,平,32,14,0,0,0,1,0,0,0,0,0,0,0,0,0,0,0,0
[15]花蓮縣,光復鄉,154708,縣立大興國小,公立,平,33,19,0,0,2,0,0,0,0,0,0,0,0,0,0,0,0,0
[15]花蓮縣,花蓮市,154711,縣立中原國小,公立,平,455,86,0,3,2,1,0,0,0,0,0,0,6,0,0,0,0,0
